{
  "generated_at": "2026-07-17T12:21:40.820626+00:00",
  "artifacts": {
    "predictions": "C:\\AlonsoAlviraa\\VisionSetil\\kaggle\\kernel_output_v12\\models\\test_predictions.npz",
    "label2idx": "C:\\AlonsoAlviraa\\VisionSetil\\kaggle\\kernel_output_v12\\models\\label2idx.json",
    "disk_metrics": {
      "test_accuracy": 0.04819277108433735,
      "test_map_at_3": 0.06997219647822057,
      "test_map_at_3_ci_low": 0.05993010503552669,
      "test_map_at_3_ci_high": 0.07978259190608591,
      "test_f1_macro": 0.028847670949842787,
      "test_balanced_accuracy": 0.04733333333333333,
      "test_ece": 0.12225766329438295,
      "safety_recall_deadly": 0.0,
      "n_deadly_in_test": 12,
      "best_val_map3": 0.06479765214704973,
      "best_epoch": 6,
      "num_classes": 1000,
      "num_train_obs": 10070,
      "num_val_obs": 2158,
      "num_test_obs": 2158,
      "temperature": 0.9267217516899109,
      "model_params_M": 31.693504,
      "databases_used": [
        "fungitastic",
        "fungiclef"
      ],
      "subsample_config": {
        "max_species": 1000,
        "max_obs_per_species": 16,
        "experiment": "E12-data-scale"
      },
      "deadly_species_known": 26,
      "deadly_species_in_dataset": 5,
      "version": "v12-E12-data-scale"
    }
  },
  "deadly_class_indices": [
    26,
    28,
    32,
    308,
    348
  ],
  "deadly_class_names": [
    "Amanita muscaria",
    "Amanita phalloides",
    "Amanita virosa",
    "Galerina marginata",
    "Gyromitra esculenta"
  ],
  "experiments": {
    "baseline": {
      "name": "baseline_v9_test",
      "top1": 0.04819277108433735,
      "top3": 0.09916589434661724,
      "top5": 0.14365152919369786,
      "map_at_3": 0.06997219647822057,
      "ece": 0.05634323664566569,
      "genus_top1": 0.07599629286376275,
      "margins": {
        "mean_margin": 0.0518663111877556,
        "median_margin": 0.014427496696829523,
        "p10_margin": 0.0008950406151995799,
        "p90_margin": 0.11778815763151355
      },
      "deadly": {
        "n_deadly_in_test": 12,
        "species_top1_accuracy_on_deadly": 0.0,
        "any_deadly_in_top1": 0.0,
        "any_deadly_in_topk": 0.0,
        "k": 3,
        "note": "Safety: prefer high any_deadly_in_topk even if species wrong"
      },
      "n": 2158,
      "n_classes_in_test": 1000
    },
    "temperature": {
      "grid": [
        {
          "T": 0.5,
          "top1": 0.04819277108433735,
          "map_at_3": 0.06997219647822057,
          "ece": 0.27369538726457693,
          "mean_max_conf": 0.3218881583489142
        },
        {
          "T": 0.75,
          "top1": 0.04819277108433735,
          "map_at_3": 0.06997219647822057,
          "ece": 0.13054479573084765,
          "mean_max_conf": 0.178737566815185
        },
        {
          "T": 1.0,
          "top1": 0.04819277108433735,
          "map_at_3": 0.06997219647822057,
          "ece": 0.05634323664566569,
          "mean_max_conf": 0.10453600773000303
        },
        {
          "T": 1.12,
          "top1": 0.04819277108433735,
          "map_at_3": 0.06997219647822057,
          "ece": 0.033444408817458963,
          "mean_max_conf": 0.08157835443096426
        },
        {
          "T": 1.25,
          "top1": 0.04819277108433735,
          "map_at_3": 0.06997219647822057,
          "ece": 0.01823646337360085,
          "mean_max_conf": 0.06279091252688725
        },
        {
          "T": 1.5,
          "top1": 0.04819277108433735,
          "map_at_3": 0.06997219647822057,
          "ece": 0.009488211533060264,
          "mean_max_conf": 0.03902691479091046
        },
        {
          "T": 2.0,
          "top1": 0.04819277108433735,
          "map_at_3": 0.06997219647822057,
          "ece": 0.030434752899407305,
          "mean_max_conf": 0.017758018184930044
        },
        {
          "T": 3.0,
          "top1": 0.04819277108433735,
          "map_at_3": 0.06997219647822057,
          "ece": 0.04120042341934486,
          "mean_max_conf": 0.006992347664992497
        },
        {
          "T": 5.0,
          "top1": 0.04819277108433735,
          "map_at_3": 0.06997219647822057,
          "ece": 0.04496874699795582,
          "mean_max_conf": 0.00322402408638153
        }
      ],
      "best_by_ece": {
        "T": 1.5,
        "top1": 0.04819277108433735,
        "map_at_3": 0.06997219647822057,
        "ece": 0.009488211533060264,
        "mean_max_conf": 0.03902691479091046
      }
    },
    "open_set": {
      "n_configs": 42,
      "best_utility_accept_ge_0.2": {
        "accept_rate": 0.2432808155699722,
        "abstain_rate": 0.7567191844300278,
        "accuracy_when_accept": 0.14666666666666667,
        "coverage_correct": 0.03568118628359592,
        "n_accept": 525,
        "n_total": 2158,
        "conf_thr": 0.1,
        "margin_thr": 0.02,
        "utility": 0.07234114081853701
      },
      "best_accuracy_accept_ge_0.2": {
        "accept_rate": 0.2432808155699722,
        "abstain_rate": 0.7567191844300278,
        "accuracy_when_accept": 0.14666666666666667,
        "coverage_correct": 0.03568118628359592,
        "n_accept": 525,
        "n_total": 2158,
        "conf_thr": 0.1,
        "margin_thr": 0.02,
        "utility": 0.07234114081853701
      },
      "pareto_sample": [
        {
          "accept_rate": 0.17701575532900835,
          "abstain_rate": 0.8229842446709916,
          "accuracy_when_accept": 0.17277486910994763,
          "coverage_correct": 0.030583873957367932,
          "n_accept": 382,
          "n_total": 2158,
          "conf_thr": 0.15,
          "margin_thr": 0.02,
          "utility": 0.07269198593971264
        },
        {
          "accept_rate": 0.15987025023169602,
          "abstain_rate": 0.840129749768304,
          "accuracy_when_accept": 0.1681159420289855,
          "coverage_correct": 0.026876737720111215,
          "n_accept": 345,
          "n_total": 2158,
          "conf_thr": 0.15,
          "margin_thr": 0.05,
          "utility": 0.0672191050258962
        },
        {
          "accept_rate": 0.1830398517145505,
          "abstain_rate": 0.8169601482854495,
          "accuracy_when_accept": 0.1670886075949367,
          "coverage_correct": 0.030583873957367932,
          "n_accept": 395,
          "n_total": 2158,
          "conf_thr": 0.15,
          "margin_thr": 0.0,
          "utility": 0.07148578120434619
        },
        {
          "accept_rate": 0.1876737720111214,
          "abstain_rate": 0.8123262279888785,
          "accuracy_when_accept": 0.15555555555555556,
          "coverage_correct": 0.029193697868396665,
          "n_accept": 405,
          "n_total": 2158,
          "conf_thr": 0.1,
          "margin_thr": 0.05,
          "utility": 0.06738873712008173
        },
        {
          "accept_rate": 0.2432808155699722,
          "abstain_rate": 0.7567191844300278,
          "accuracy_when_accept": 0.14666666666666667,
          "coverage_correct": 0.03568118628359592,
          "n_accept": 525,
          "n_total": 2158,
          "conf_thr": 0.1,
          "margin_thr": 0.02,
          "utility": 0.07234114081853701
        },
        {
          "accept_rate": 0.20481927710843373,
          "abstain_rate": 0.7951807228915663,
          "accuracy_when_accept": 0.1425339366515837,
          "coverage_correct": 0.029193697868396665,
          "n_accept": 442,
          "n_total": 2158,
          "conf_thr": 0.05,
          "margin_thr": 0.05,
          "utility": 0.06450653209249063
        },
        {
          "accept_rate": 0.28174235403151066,
          "abstain_rate": 0.7182576459684893,
          "accuracy_when_accept": 0.13486842105263158,
          "coverage_correct": 0.037998146431881374,
          "n_accept": 608,
          "n_total": 2158,
          "conf_thr": 0.1,
          "margin_thr": 0.0,
          "utility": 0.07158735930452056
        },
        {
          "accept_rate": 0.366079703429101,