{
  "generated_at": "2026-07-17T15:23:31.756200+00:00",
  "artifacts": {
    "predictions": "kaggle\\kernel_output_v14\\models\\test_predictions.npz",
    "label2idx": "kaggle\\kernel_output_v14\\models\\label2idx.json",
    "disk_metrics": {
      "test_accuracy": 0.06321839080459771,
      "test_map_at_3": 0.09267241379310347,
      "test_map_at_3_ci_low": 0.07375478927203066,
      "test_map_at_3_ci_high": 0.11206896551724138,
      "test_f1_macro": 0.03672534566437689,
      "test_balanced_accuracy": 0.061624649859943974,
      "test_ece": 0.14241398057375831,
      "safety_recall_deadly": 0.020833333333333332,
      "n_deadly_in_test": 48,
      "best_val_map3": 0.11446360153256703,
      "best_epoch": 10,
      "num_classes": 119,
      "num_train_obs": 3245,
      "num_val_obs": 696,
      "num_test_obs": 696,
      "temperature": 1.05335533618927,
      "model_params_M": 30.678592,
      "databases_used": [
        "fungitastic",
        "fungiclef"
      ],
      "subsample_config": {
        "max_species": 120,
        "max_obs": 40,
        "experiment": "E14-focused"
      },
      "deadly_species_known": 26,
      "deadly_species_in_dataset": 11,
      "version": "v14-E14-focused"
    }
  },
  "deadly_class_indices": [
    3,
    5,
    7,
    40,
    45
  ],
  "deadly_class_names": [
    "Amanita muscaria",
    "Amanita phalloides",
    "Amanita virosa",
    "Galerina marginata",
    "Gyromitra esculenta"
  ],
  "experiments": {
    "baseline": {
      "name": "baseline_v9_test",
      "top1": 0.06321839080459771,
      "top3": 0.1307471264367816,
      "top5": 0.20402298850574713,
      "map_at_3": 0.09267241379310345,
      "ece": 0.06665824940388511,
      "genus_top1": 0.10632183908045977,
      "margins": {
        "mean_margin": 0.05833446409507612,
        "median_margin": 0.01744696961239571,
        "p10_margin": 0.004101309985179026,
        "p90_margin": 0.11390950352320639
      },
      "deadly": {
        "n_deadly_in_test": 25,
        "species_top1_accuracy_on_deadly": 0.0,
        "any_deadly_in_top1": 0.04,
        "any_deadly_in_topk": 0.08,
        "k": 3,
        "note": "Safety: prefer high any_deadly_in_topk even if species wrong"
      },
      "n": 696,
      "n_classes_in_test": 119
    },
    "temperature": {
      "grid": [
        {
          "T": 0.5,
          "top1": 0.06321839080459771,
          "map_at_3": 0.09267241379310345,
          "ece": 0.2578953396743059,
          "mean_max_conf": 0.3211137304789037
        },
        {
          "T": 0.75,
          "top1": 0.06321839080459771,
          "map_at_3": 0.09267241379310345,
          "ece": 0.13028013805315503,
          "mean_max_conf": 0.19209482338928696
        },
        {
          "T": 1.0,
          "top1": 0.06321839080459771,
          "map_at_3": 0.09267241379310345,
          "ece": 0.06665824940388511,
          "mean_max_conf": 0.12782759458444312
        },
        {
          "T": 1.12,
          "top1": 0.06321839080459771,
          "map_at_3": 0.09267241379310345,
          "ece": 0.04926382934125135,
          "mean_max_conf": 0.10848868869483946
        },
        {
          "T": 1.25,
          "top1": 0.06321839080459771,
          "map_at_3": 0.09267241379310345,
          "ece": 0.035218706281668545,
          "mean_max_conf": 0.0925877285074908
        },
        {
          "T": 1.5,
          "top1": 0.06321839080459771,
          "map_at_3": 0.09267241379310345,
          "ece": 0.01812012954131135,
          "mean_max_conf": 0.0715672885998126
        },
        {
          "T": 2.0,
          "top1": 0.06321839080459771,
          "map_at_3": 0.09267241379310345,
          "ece": 0.015995629998356475,
          "mean_max_conf": 0.04910990842231807
        },
        {
          "T": 3.0,
          "top1": 0.06321839080459771,
          "map_at_3": 0.09267241379310345,
          "ece": 0.03401435934028685,
          "mean_max_conf": 0.029912862658319408
        },
        {
          "T": 5.0,
          "top1": 0.06321839080459771,
          "map_at_3": 0.09267241379310345,
          "ece": 0.04581064212925531,
          "mean_max_conf": 0.01761420696743059
        }
      ],
      "best_by_ece": {
        "T": 2.0,
        "top1": 0.06321839080459771,
        "map_at_3": 0.09267241379310345,
        "ece": 0.015995629998356475,
        "mean_max_conf": 0.04910990842231807
      }
    },
    "open_set": {
      "n_configs": 42,
      "best_utility_accept_ge_0.2": {
        "accept_rate": 0.20114942528735633,
        "abstain_rate": 0.7988505747126436,
        "accuracy_when_accept": 0.16428571428571428,
        "coverage_correct": 0.033045977011494254,
        "n_accept": 140,
        "n_total": 696,
        "conf_thr": 0.15,
        "margin_thr": 0.0,
        "utility": 0.07368162550868858
      },
      "best_accuracy_accept_ge_0.2": {
        "accept_rate": 0.20114942528735633,
        "abstain_rate": 0.7988505747126436,
        "accuracy_when_accept": 0.16428571428571428,
        "coverage_correct": 0.033045977011494254,
        "n_accept": 140,
        "n_total": 696,
        "conf_thr": 0.15,
        "margin_thr": 0.0,
        "utility": 0.07368162550868858
      },
      "pareto_sample": [
        {
          "accept_rate": 0.16522988505747127,
          "abstain_rate": 0.8347701149425287,
          "accuracy_when_accept": 0.1826086956521739,
          "coverage_correct": 0.03017241379310345,
          "n_accept": 115,
          "n_total": 696,
          "conf_thr": 0.15,
          "margin_thr": 0.05,
          "utility": 0.07422765742926475
        },
        {
          "accept_rate": 0.19827586206896552,
          "abstain_rate": 0.8017241379310345,
          "accuracy_when_accept": 0.16666666666666666,
          "coverage_correct": 0.033045977011494254,
          "n_accept": 138,
          "n_total": 696,
          "conf_thr": 0.15,
          "margin_thr": 0.02,
          "utility": 0.07421362971347677
        },
        {
          "accept_rate": 0.20114942528735633,
          "abstain_rate": 0.7988505747126436,
          "accuracy_when_accept": 0.16428571428571428,
          "coverage_correct": 0.033045977011494254,
          "n_accept": 140,
          "n_total": 696,
          "conf_thr": 0.15,
          "margin_thr": 0.0,
          "utility": 0.07368162550868858
        },
        {
          "accept_rate": 0.21839080459770116,
          "abstain_rate": 0.7816091954022988,
          "accuracy_when_accept": 0.1513157894736842,
          "coverage_correct": 0.033045977011494254,
          "n_accept": 152,
          "n_total": 696,
          "conf_thr": 0.1,
          "margin_thr": 0.05,
          "utility": 0.07071335164184676
        },
        {
          "accept_rate": 0.22413793103448276,
          "abstain_rate": 0.7758620689655172,
          "accuracy_when_accept": 0.14743589743589744,
          "coverage_correct": 0.033045977011494254,
          "n_accept": 156,
          "n_total": 696,
          "conf_thr": 0.05,
          "margin_thr": 0.05,
          "utility": 0.06980088306988452
        },
        {
          "accept_rate": 0.34626436781609193,
          "abstain_rate": 0.6537356321839081,
          "accuracy_when_accept": 0.12448132780082988,
          "coverage_correct": 0.04310344827586207,
          "n_accept": 241,
          "n_total": 696,
          "conf_thr": 0.1,
          "margin_thr": 0.02,
          "utility": 0.07325008173492846
        },
        {
          "accept_rate": 0.3764367816091954,
          "abstain_rate": 0.6235632183908046,
          "accuracy_when_accept": 0.11450381679389313,
          "coverage_correct": 0.04310344827586207,
          "n_accept": 262,
          "n_total": 696,
          "conf_thr": 0.1,
          "margin_thr": 0.0,
          "utility": 0.07025318031636972
        },
        {
          "accept_rate": 0.47126436781609193,
          "abstain_rate": 0.5287356321839081,
          "accuracy_when_accept": 0.09451219512195122,